name,email
Gaurav,gaurav@gmail.com
Sumit,sumit@gmail.com
Shubh,shubh@gmail.com
Rohit,rohit@gmail.com
Aashish,aashish@gmail.com
Ashutosh,ashutosh@gmail.com
Ankit,ankit.gmail.com
Saurabh,saurabh@gmail.com
Harsh,harsh@gmail.com
Abhinav,abhinav@gmai.com